measurement_id,sample_current_mA_nominal,series_resistor,direction,field_condition,tc_derivative_K,tc_derivative_err_K,tc_sampling_err_K,tc_fit_err_K,tc_fit_points,tc_fit_redchi,sigma_V_median_V,sigma_I_median_A,sigma_R_median_ohm,sigma_T_median_K
partA_100mA_100ohm_heat_magnet,100.0,100ohm,heat,magnet,89.28595997352969,0.11687712795760323,0.10718392277451592,0.046603323253653954,18,0.7553107253184159,4.1183743168410654e-06,0.0002927454023307641,4.5679671042157585e-05,0.10598880771728737
partA_100mA_100ohm_heat_nomagnet,100.0,100ohm,heat,no_magnet,91.07898787435157,0.15369543448113143,0.1436473450505853,0.054660102819715374,10,0.11800263466616856,4.124327259905147e-06,0.00029246874246540144,4.631314736118547e-05,0.13784468617009998
partA_170mA_100ohm_cool_nomagnet,170.0,100ohm,cool,no_magnet,89.73696553063067,0.2848392069487334,0.2638355052883308,0.1073508265661451,5,0.009014872160005237,4.0132151282699195e-06,0.0004627148100482755,2.3736946458613466e-05,0.16329428603597518
partA_240mA_100ohm_cool_nomagnet,240.0,100ohm,cool,no_magnet,85.5425025868207,0.09236095846351658,0.08496863911663878,0.03620603561515451,8,0.021793830657833257,4.215470506101549e-06,0.001002005158337188,2.9450312789154733e-05,0.1280152978371444
partA_30mA_1kohm_cool_nomagnet,30.0,1kohm,cool,no_magnet,88.06162035758875,0.12908510684660437,0.11995144662737645,0.04769292674599587,8,0.03800275619499473,4.012746977100424e-06,0.00011653523354620578,0.00013109115586792372,0.08887672308878247
partA_30mA_1kohm_heat_nomagnet,30.0,1kohm,heat,no_magnet,89.4260537602807,0.17771828180956012,0.16602919426112978,0.06338844013179581,8,0.062013161199344066,4.048513017121089e-06,0.0001166643331505474,0.00013575071099712673,0.15843905894722146
partA_69mA_100ohm_heat_nomagnet,69.0,100ohm,heat,no_magnet,89.86427754051431,0.18147008821431598,0.16673962376736254,0.07161906717090091,7,0.04120124416205939,4.106711258874321e-06,0.00021379729888873752,6.557894237228921e-05,0.15643709688882734
