measurement_id,sample_current_mA_nominal,series_resistor,direction,field_condition,normal_resistance_ohm,tc_midpoint_K,tc_50_err_K,tc_derivative_K,tc_derivative_err_K,tc_methods_nsigma,tc_onset_K,tc_zero_K,delta_Tc_width_K
partA_100mA_100ohm_heat_magnet,100.0,100ohm,heat,magnet,0.0106912230195332,89.61183569157026,0.08242267565722257,89.30592500000003,0.12437466115741232,2.0502516252063723,94.20026680882047,86.51147560782692,7.688791200993549
partA_100mA_100ohm_heat_nomagnet,100.0,100ohm,heat,no_magnet,0.01090381564078495,91.65218391499668,0.13207024321423705,91.22693800000002,0.14754723761421773,2.1474673770396255,97.20268565388814,88.69073800565563,8.511947648232507
partA_170mA_100ohm_cool_nomagnet,170.0,100ohm,cool,no_magnet,0.009519023859722,91.44573031053433,0.2955255130481005,89.46188300000003,0.2241474922617837,5.34853265071251,99.21386653008533,88.40128613269277,10.812580397392551
partA_240mA_100ohm_cool_nomagnet,240.0,100ohm,cool,no_magnet,0.0109416533758639,88.07041185753032,0.276878318480087,85.51781500000001,0.07536770637735601,8.89552947496248,100.83273032002354,85.08131271402631,15.751417605997233
partA_30mA_1kohm_cool_nomagnet,30.0,1kohm,cool,no_magnet,0.00779828867978575,88.92634685117335,0.14012964991779522,87.88334600000002,0.22201019925956558,3.9728004951953007,93.72248473919325,87.03229524317557,6.69018949601768
partA_30mA_1kohm_heat_nomagnet,30.0,1kohm,heat,no_magnet,0.0111931666866429,89.96300284608189,0.1495956931228654,89.32217700000004,0.08301459713056489,3.7456437737567105,96.18138168254598,86.72328543008094,9.45809625246504
partA_69mA_100ohm_heat_nomagnet,69.0,100ohm,heat,no_magnet,0.0111229984619,90.34695731163066,0.15726104320397802,89.85438500000004,0.1704834150218729,2.123716272400093,96.41976704920121,86.95320644853108,9.466560600670135
